{
    "name": "root",
    "gauges": {
        "MerchantAgent.Policy.Entropy.mean": {
            "value": 8.145437240600586,
            "min": 7.898438930511475,
            "max": 8.361753463745117,
            "count": 32
        },
        "MerchantAgent.Policy.Entropy.sum": {
            "value": 40727.1875,
            "min": 4093.06396484375,
            "max": 41808.765625,
            "count": 32
        },
        "MerchantAgent.IsTraining.mean": {
            "value": 1.0,
            "min": 1.0,
            "max": 1.0,
            "count": 32
        },
        "MerchantAgent.IsTraining.sum": {
            "value": 1.0,
            "min": 1.0,
            "max": 1.0,
            "count": 32
        },
        "MerchantAgent.Step.mean": {
            "value": 649512.0,
            "min": 499512.0,
            "max": 649512.0,
            "count": 31
        },
        "MerchantAgent.Step.sum": {
            "value": 649512.0,
            "min": 499512.0,
            "max": 649512.0,
            "count": 31
        },
        "MerchantAgent.Policy.ExtrinsicValueEstimate.mean": {
            "value": 0.08840395510196686,
            "min": 0.02583555318415165,
            "max": 0.20827242732048035,
            "count": 31
        },
        "MerchantAgent.Policy.ExtrinsicValueEstimate.sum": {
            "value": 0.8840395212173462,
            "min": 0.2583555281162262,
            "max": 2.0827243328094482,
            "count": 31
        },
        "MerchantAgent.Environment.EpisodeLength.mean": {
            "value": 999.0,
            "min": 999.0,
            "max": 999.0,
            "count": 31
        },
        "MerchantAgent.Environment.EpisodeLength.sum": {
            "value": 4995.0,
            "min": 4995.0,
            "max": 4995.0,
            "count": 31
        },
        "MerchantAgent.Environment.CumulativeReward.mean": {
            "value": 0.6676100447773934,
            "min": -0.14148995131254197,
            "max": 1.2321801692247392,
            "count": 31
        },
        "MerchantAgent.Environment.CumulativeReward.sum": {
            "value": 3.3380502238869667,
            "min": -0.7074497565627098,
            "max": 6.160900846123695,
            "count": 31
        },
        "MerchantAgent.Policy.ExtrinsicReward.mean": {
            "value": 0.6676100447773934,
            "min": -0.14148995131254197,
            "max": 1.2321801692247392,
            "count": 31
        },
        "MerchantAgent.Policy.ExtrinsicReward.sum": {
            "value": 3.3380502238869667,
            "min": -0.7074497565627098,
            "max": 6.160900846123695,
            "count": 31
        },
        "MerchantAgent.Losses.PolicyLoss.mean": {
            "value": 0.030270734683144836,
            "min": 0.030270734683144836,
            "max": 0.0369371879613027,
            "count": 7
        },
        "MerchantAgent.Losses.PolicyLoss.sum": {
            "value": 0.030270734683144836,
            "min": 0.030270734683144836,
            "max": 0.0369371879613027,
            "count": 7
        },
        "MerchantAgent.Losses.ValueLoss.mean": {
            "value": 0.005053680876735598,
            "min": 0.003349793077795766,
            "max": 0.005522019269410521,
            "count": 7
        },
        "MerchantAgent.Losses.ValueLoss.sum": {
            "value": 0.005053680876735598,
            "min": 0.003349793077795766,
            "max": 0.005522019269410521,
            "count": 7
        },
        "MerchantAgent.Policy.LearningRate.mean": {
            "value": 9.787325546007999e-05,
            "min": 9.787325546007999e-05,
            "max": 9.828325505008e-05,
            "count": 7
        },
        "MerchantAgent.Policy.LearningRate.sum": {
            "value": 9.787325546007999e-05,
            "min": 9.787325546007999e-05,
            "max": 9.828325505008e-05,
            "count": 7
        },
        "MerchantAgent.Policy.Epsilon.mean": {
            "value": 0.19787325333333336,
            "min": 0.19787325333333336,
            "max": 0.19828325333333338,
            "count": 7
        },
        "MerchantAgent.Policy.Epsilon.sum": {
            "value": 0.19787325333333336,
            "min": 0.19787325333333336,
            "max": 0.19828325333333338,
            "count": 7
        },
        "MerchantAgent.Policy.Beta.mean": {
            "value": 0.0009789452079999998,
            "min": 0.0009789452079999998,
            "max": 0.000983004208,
            "count": 7
        },
        "MerchantAgent.Policy.Beta.sum": {
            "value": 0.0009789452079999998,
            "min": 0.0009789452079999998,
            "max": 0.000983004208,
            "count": 7
        }
    },
    "metadata": {
        "timer_format_version": "0.1.0",
        "start_time_seconds": "1773229600",
        "python_version": "3.10.8 | packaged by conda-forge | (main, Nov 24 2022, 14:07:00) [MSC v.1916 64 bit (AMD64)]",
        "command_line_arguments": "C:\\Users\\cagat\\miniconda3\\envs\\mlclean\\Scripts\\mlagents-learn config.yaml --run-id=NeuroMerchant_V7 --resume",
        "mlagents_version": "0.30.0",
        "mlagents_envs_version": "0.28.0",
        "communication_protocol_version": "1.5.0",
        "pytorch_version": "2.7.1+cu118",
        "numpy_version": "1.23.5",
        "end_time_seconds": "1773231675"
    },
    "total": 2075.7463177,
    "count": 1,
    "self": 0.008264299999609648,
    "children": {
        "run_training.setup": {
            "total": 0.1052326000000221,
            "count": 1,
            "self": 0.1052326000000221
        },
        "TrainerController.start_learning": {
            "total": 2075.6328208000004,
            "count": 1,
            "self": 3.4503432000642533,
            "children": {
                "TrainerController._reset_env": {
                    "total": 10.241475600000001,
                    "count": 1,
                    "self": 10.241475600000001
                },
                "TrainerController.advance": {
                    "total": 2061.6771926999363,
                    "count": 157597,
                    "self": 3.0215991999994003,
                    "children": {
                        "env_step": {
                            "total": 1974.6999253000008,
                            "count": 157597,
                            "self": 909.2357226000886,
                            "children": {
                                "SubprocessEnvManager._take_step": {
                                    "total": 1063.3201026999586,
                                    "count": 157597,
                                    "self": 9.8384686998902,
                                    "children": {
                                        "TorchPolicy.evaluate": {
                                            "total": 1053.4816340000684,
                                            "count": 157597,
                                            "self": 1053.4816340000684
                                        }
                                    }
                                },
                                "workers": {
                                    "total": 2.144099999953596,
                                    "count": 157596,
                                    "self": 0.0,
                                    "children": {
                                        "worker_root": {
                                            "total": 2063.1470524000047,
                                            "count": 157596,
                                            "is_parallel": true,
                                            "self": 1316.845919299897,