{
    "name": "root",
    "gauges": {
        "MerchantAgent.Policy.Entropy.mean": {
            "value": 8.740318298339844,
            "min": 8.7402925491333,
            "max": 8.740318298339844,
            "count": 3
        },
        "MerchantAgent.Policy.Entropy.sum": {
            "value": 52022.375,
            "min": 34961.26171875,
            "max": 52861.2890625,
            "count": 3
        },
        "MerchantAgent.Step.mean": {
            "value": 14536.0,
            "min": 4512.0,
            "max": 14536.0,
            "count": 3
        },
        "MerchantAgent.Step.sum": {
            "value": 14536.0,
            "min": 4512.0,
            "max": 14536.0,
            "count": 3
        },
        "MerchantAgent.Policy.ExtrinsicValueEstimate.mean": {
            "value": 0.011915273033082485,
            "min": 0.0034800805151462555,
            "max": 0.015585516579449177,
            "count": 3
        },
        "MerchantAgent.Policy.ExtrinsicValueEstimate.sum": {
            "value": 0.11915273219347,
            "min": 0.0313207246363163,
            "max": 0.15585516393184662,
            "count": 3
        },
        "MerchantAgent.Environment.EpisodeLength.mean": {
            "value": 999.0,
            "min": 999.0,
            "max": 999.0,
            "count": 3
        },
        "MerchantAgent.Environment.EpisodeLength.sum": {
            "value": 7992.0,
            "min": 3996.0,
            "max": 7992.0,
            "count": 3
        },
        "MerchantAgent.Environment.CumulativeReward.mean": {
            "value": -0.409930020570755,
            "min": -0.409930020570755,
            "max": -0.3721499927341938,
            "count": 3
        },
        "MerchantAgent.Environment.CumulativeReward.sum": {
            "value": -2.049650102853775,
            "min": -2.049650102853775,
            "max": -1.4885999709367752,
            "count": 3
        },
        "MerchantAgent.Policy.ExtrinsicReward.mean": {
            "value": -0.409930020570755,
            "min": -0.409930020570755,
            "max": -0.3721499927341938,
            "count": 3
        },
        "MerchantAgent.Policy.ExtrinsicReward.sum": {
            "value": -2.049650102853775,
            "min": -2.049650102853775,
            "max": -1.4885999709367752,
            "count": 3
        },
        "MerchantAgent.IsTraining.mean": {
            "value": 1.0,
            "min": 1.0,
            "max": 1.0,
            "count": 3
        },
        "MerchantAgent.IsTraining.sum": {
            "value": 1.0,
            "min": 1.0,
            "max": 1.0,
            "count": 3
        }
    },
    "metadata": {
        "timer_format_version": "0.1.0",
        "start_time_seconds": "1773414394",
        "python_version": "3.10.8 | packaged by conda-forge | (main, Nov 24 2022, 14:07:00) [MSC v.1916 64 bit (AMD64)]",
        "command_line_arguments": "C:\\Users\\cagat\\miniconda3\\envs\\mlclean\\Scripts\\mlagents-learn config.yaml --run-id=NeuroMerchant_V7 --force",
        "mlagents_version": "0.30.0",
        "mlagents_envs_version": "0.28.0",
        "communication_protocol_version": "1.5.0",
        "pytorch_version": "2.7.1+cu118",
        "numpy_version": "1.23.5",
        "end_time_seconds": "1773414471"
    },
    "total": 76.65096880000056,
    "count": 1,
    "self": 0.0074434999987715855,
    "children": {
        "run_training.setup": {
            "total": 0.10000420000142185,
            "count": 1,
            "self": 0.10000420000142185
        },
        "TrainerController.start_learning": {
            "total": 76.54352110000036,
            "count": 1,
            "self": 0.10070720007934142,
            "children": {
                "TrainerController._reset_env": {
                    "total": 10.158970300002693,
                    "count": 1,
                    "self": 10.158970300002693
                },
                "TrainerController.advance": {
                    "total": 66.01500229992234,
                    "count": 4660,
                    "self": 0.09833729973615846,
                    "children": {
                        "env_step": {
                            "total": 64.60173350014884,
                            "count": 4660,
                            "self": 35.42587329993694,
                            "children": {
                                "SubprocessEnvManager._take_step": {
                                    "total": 29.114501800213475,
                                    "count": 4660,
                                    "self": 0.31177390012089745,
                                    "children": {
                                        "TorchPolicy.evaluate": {
                                            "total": 28.802727900092577,
                                            "count": 4660,
                                            "self": 28.802727900092577
                                        }
                                    }
                                },
                                "workers": {
                                    "total": 0.06135839999842574,
                                    "count": 4659,
                                    "self": 0.0,
                                    "children": {
                                        "worker_root": {
                                            "total": 68.27360279988716,
                                            "count": 4659,
                                            "is_parallel": true,
                                            "self": 38.32994080001299,
                                            "children": {
                                                "steps_from_proto": {
                                                    "total": 0.0005051000007370021,
                                                    "count": 1,
                                                    "is_parallel": true,
                                                    "self": 0.0002432000001135748,
                                                    "children": {
                                                        "_process_rank_one_or_two_observation": {
                                                            "total": 0.00026190000062342733,
                                                            "count": 2,
                                                            "is_parallel": true,
                                                            "self": 0.00026190000062342733
                                                        }
                                                    }
                                                },
                                                "UnityEnvironment.step": {
                                                    "total": 29.94315689987343,
                                                    "count": 4659,
                                                    "is_parallel": true,
                                                    "self": 0.5520689996374131,
                                                    "children": {
                                                        "UnityEnvironment._generate_step_input": {
                                                            "total": 0.5417965000851837,
                                                            "count": 4659,
                                                            "is_parallel": true,
                                                            "self": 0.5417965000851837
                                                        },