{
    "name": "root",
    "gauges": {
        "MerchantAgent.Policy.Entropy.mean": {
            "value": 7.159639835357666,
            "min": 6.505349159240723,
            "max": 8.740303039550781,
            "count": 484
        },
        "MerchantAgent.Policy.Entropy.sum": {
            "value": 28638.55859375,
            "min": 26243.751953125,
            "max": 52861.2109375,
            "count": 484
        },
        "MerchantAgent.Step.mean": {
            "value": 2419512.0,
            "min": 4512.0,
            "max": 2419512.0,
            "count": 484
        },
        "MerchantAgent.Step.sum": {
            "value": 2419512.0,
            "min": 4512.0,
            "max": 2419512.0,
            "count": 484
        },
        "MerchantAgent.Policy.ExtrinsicValueEstimate.mean": {
            "value": 0.10053296387195587,
            "min": -0.07031671702861786,
            "max": 0.2895655930042267,
            "count": 484
        },
        "MerchantAgent.Policy.ExtrinsicValueEstimate.sum": {
            "value": 1.0053296089172363,
            "min": -0.703167200088501,
            "max": 2.895655870437622,
            "count": 484
        },
        "MerchantAgent.Environment.EpisodeLength.mean": {
            "value": 999.0,
            "min": 999.0,
            "max": 999.0,
            "count": 484
        },
        "MerchantAgent.Environment.EpisodeLength.sum": {
            "value": 3996.0,
            "min": 3996.0,
            "max": 7992.0,
            "count": 484
        },
        "MerchantAgent.Environment.CumulativeReward.mean": {
            "value": 0.32036679827918607,
            "min": -0.8011748436838388,
            "max": 2.057687514461577,
            "count": 484
        },
        "MerchantAgent.Environment.CumulativeReward.sum": {
            "value": 1.9222007896751165,
            "min": -3.2046993747353554,
            "max": 8.816501170396805,
            "count": 484
        },
        "MerchantAgent.Policy.ExtrinsicReward.mean": {
            "value": 0.32036679827918607,
            "min": -0.8011748436838388,
            "max": 2.057687514461577,
            "count": 484
        },
        "MerchantAgent.Policy.ExtrinsicReward.sum": {
            "value": 1.9222007896751165,
            "min": -3.2046993747353554,
            "max": 8.816501170396805,
            "count": 484
        },
        "MerchantAgent.IsTraining.mean": {
            "value": 1.0,
            "min": 1.0,
            "max": 1.0,
            "count": 484
        },
        "MerchantAgent.IsTraining.sum": {
            "value": 1.0,
            "min": 1.0,
            "max": 1.0,
            "count": 484
        },
        "MerchantAgent.Losses.PolicyLoss.mean": {
            "value": 0.03287085920225742,
            "min": 0.0316322595509159,
            "max": 0.039903361194355544,
            "count": 109
        },
        "MerchantAgent.Losses.PolicyLoss.sum": {
            "value": 0.03287085920225742,
            "min": 0.0316322595509159,
            "max": 0.039903361194355544,
            "count": 109
        },
        "MerchantAgent.Losses.ValueLoss.mean": {
            "value": 0.0015303967442081938,
            "min": 0.0011402612454582785,
            "max": 0.006887139871629865,
            "count": 109
        },
        "MerchantAgent.Losses.ValueLoss.sum": {
            "value": 0.0015303967442081938,
            "min": 0.0011402612454582785,
            "max": 0.006887139871629865,
            "count": 109
        },
        "MerchantAgent.Policy.LearningRate.mean": {
            "value": 9.200651466016002e-05,
            "min": 9.200651466016002e-05,
            "max": 9.992650674016002e-05,
            "count": 109
        },
        "MerchantAgent.Policy.LearningRate.sum": {
            "value": 9.200651466016002e-05,
            "min": 9.200651466016002e-05,
            "max": 9.992650674016002e-05,
            "count": 109
        },
        "MerchantAgent.Policy.Epsilon.mean": {
            "value": 0.19200650666666663,
            "min": 0.19200650666666663,
            "max": 0.19992650666666667,
            "count": 109
        },
        "MerchantAgent.Policy.Epsilon.sum": {
            "value": 0.19200650666666663,
            "min": 0.19200650666666663,
            "max": 0.19992650666666667,
            "count": 109
        },
        "MerchantAgent.Policy.Beta.mean": {
            "value": 0.0009208644160000005,
            "min": 0.0009208644160000005,
            "max": 0.0009992724160000001,
            "count": 109
        },
        "MerchantAgent.Policy.Beta.sum": {
            "value": 0.0009208644160000005,
            "min": 0.0009208644160000005,
            "max": 0.0009992724160000001,
            "count": 109
        }
    },
    "metadata": {
        "timer_format_version": "0.1.0",
        "start_time_seconds": "1773480055",
        "python_version": "3.10.8 | packaged by conda-forge | (main, Nov 24 2022, 14:07:00) [MSC v.1916 64 bit (AMD64)]",
        "command_line_arguments": "C:\\Users\\cagat\\miniconda3\\envs\\mlclean\\Scripts\\mlagents-learn config.yaml --run-id=NeuroMerchant_V7 --force",
        "mlagents_version": "0.30.0",
        "mlagents_envs_version": "0.28.0",
        "communication_protocol_version": "1.5.0",
        "pytorch_version": "2.7.1+cu118",
        "numpy_version": "1.23.5",
        "end_time_seconds": "1773489124"
    },
    "total": 9069.4178535,
    "count": 1,
    "self": 0.007821999999578111,
    "children": {
        "run_training.setup": {
            "total": 0.10472329999993235,
            "count": 1,
            "self": 0.10472329999993235
        },
        "TrainerController.start_learning": {
            "total": 9069.3053082,
            "count": 1,
            "self": 12.697291100061193,
            "children": {
                "TrainerController._reset_env": {
                    "total": 8.995934000000034,
                    "count": 1,
                    "self": 8.995934000000034
                },
                "TrainerController.advance": {
                    "total": 9047.355172299938,
                    "count": 605333,
                    "self": 11.774530999744456,
                    "children": {
                        "env_step": {
                            "total": 7896.981466000332,
                            "count": 605333,
                            "self": 3933.7307628007943,
                            "children": {
                                "SubprocessEnvManager._take_step": {
                                    "total": 3955.296745099713,
                                    "count": 605333,
                                    "self": 34.35220609975613,
                                    "children": {
                                        "TorchPolicy.evaluate": {
                                            "total": 3920.944538999957,
                                            "count": 605333,
                                            "self": 3920.944538999957
                                        }
                                    }
                                },
                                "workers": {
                                    "total": 7.953958099824831,
                                    "count": 605332,
                                    "self": 0.0,
                                    "children": {
                                        "worker_root": {
                                            "total": 9044.886814999803,
                                            "count": 605332,
                                            "is_parallel": true,
                                            "self": 5757.4048200995185,