{
    "name": "root",
    "gauges": {
        "MerchantAgent.Policy.Entropy.mean": {
            "value": 3.6812539100646973,
            "min": 3.5164952278137207,
            "max": 3.6812539100646973,
            "count": 3
        },
        "MerchantAgent.Policy.Entropy.sum": {
            "value": 18406.26953125,
            "min": 17582.4765625,
            "max": 18406.26953125,
            "count": 3
        },
        "MerchantAgent.Step.mean": {
            "value": 1284601.0,
            "min": 1274601.0,
            "max": 1284601.0,
            "count": 3
        },
        "MerchantAgent.Step.sum": {
            "value": 1284601.0,
            "min": 1274601.0,
            "max": 1284601.0,
            "count": 3
        },
        "MerchantAgent.Policy.ExtrinsicValueEstimate.mean": {
            "value": 0.24860675632953644,
            "min": 0.24860675632953644,
            "max": 0.34072279930114746,
            "count": 3
        },
        "MerchantAgent.Policy.ExtrinsicValueEstimate.sum": {
            "value": 2.486067533493042,
            "min": 2.486067533493042,
            "max": 3.066505193710327,
            "count": 3
        },
        "MerchantAgent.Environment.EpisodeLength.mean": {
            "value": 999.0,
            "min": 999.0,
            "max": 999.0,
            "count": 3
        },
        "MerchantAgent.Environment.EpisodeLength.sum": {
            "value": 4995.0,
            "min": 4995.0,
            "max": 4995.0,
            "count": 3
        },
        "MerchantAgent.Environment.CumulativeReward.mean": {
            "value": 0.06599999628961087,
            "min": 0.06599999628961087,
            "max": 0.1199999931268394,
            "count": 3
        },
        "MerchantAgent.Environment.CumulativeReward.sum": {
            "value": 0.3299999814480543,
            "min": 0.3299999814480543,
            "max": 0.4799999725073576,
            "count": 3
        },
        "MerchantAgent.Policy.ExtrinsicReward.mean": {
            "value": 0.06599999628961087,
            "min": 0.06599999628961087,
            "max": 0.1199999931268394,
            "count": 3
        },
        "MerchantAgent.Policy.ExtrinsicReward.sum": {
            "value": 0.3299999814480543,
            "min": 0.3299999814480543,
            "max": 0.4799999725073576,
            "count": 3
        },
        "MerchantAgent.IsTraining.mean": {
            "value": 1.0,
            "min": 1.0,
            "max": 1.0,
            "count": 3
        },
        "MerchantAgent.IsTraining.sum": {
            "value": 1.0,
            "min": 1.0,
            "max": 1.0,
            "count": 3
        }
    },
    "metadata": {
        "timer_format_version": "0.1.0",
        "start_time_seconds": "1772462035",
        "python_version": "3.10.8 | packaged by conda-forge | (main, Nov 24 2022, 14:07:00) [MSC v.1916 64 bit (AMD64)]",
        "command_line_arguments": "C:\\Users\\cagat\\miniconda3\\envs\\mlclean\\Scripts\\mlagents-learn config.yaml --run-id=NeuroMerchant_V4 --resume",
        "mlagents_version": "0.30.0",
        "mlagents_envs_version": "0.28.0",
        "communication_protocol_version": "1.5.0",
        "pytorch_version": "2.7.1+cu118",
        "numpy_version": "1.23.5",
        "end_time_seconds": "1772462256"
    },
    "total": 220.88727819999997,
    "count": 1,
    "self": 0.007413000000042302,
    "children": {
        "run_training.setup": {
            "total": 0.11657419999994545,
            "count": 1,
            "self": 0.11657419999994545
        },
        "TrainerController.start_learning": {
            "total": 220.76329099999998,
            "count": 1,
            "self": 0.34253559999058325,
            "children": {
                "TrainerController._reset_env": {
                    "total": 24.332874199999992,
                    "count": 1,
                    "self": 24.332874199999992
                },
                "TrainerController.advance": {
                    "total": 195.69883070000947,
                    "count": 16987,
                    "self": 0.2907129999962308,
                    "children": {
                        "env_step": {
                            "total": 193.98864530000856,
                            "count": 16987,
                            "self": 89.46562530000892,
                            "children": {
                                "SubprocessEnvManager._take_step": {
                                    "total": 104.31841570000563,
                                    "count": 16987,
                                    "self": 0.8804957000030527,
                                    "children": {
                                        "TorchPolicy.evaluate": {
                                            "total": 103.43792000000258,
                                            "count": 16987,
                                            "self": 103.43792000000258
                                        }
                                    }
                                },
                                "workers": {
                                    "total": 0.20460429999400276,
                                    "count": 16986,
                                    "self": 0.0,
                                    "children": {
                                        "worker_root": {
                                            "total": 198.78420060000394,
                                            "count": 16986,
                                            "is_parallel": true,
                                            "self": 124.97946860000081,
                                            "children": {
                                                "steps_from_proto": {
                                                    "total": 0.003068800000050942,
                                                    "count": 1,
                                                    "is_parallel": true,
                                                    "self": 0.0007593000000269967,
                                                    "children": {
                                                        "_process_rank_one_or_two_observation": {
                                                            "total": 0.002309500000023945,
                                                            "count": 2,
                                                            "is_parallel": true,
                                                            "self": 0.002309500000023945
                                                        }
                                                    }
                                                },
                                                "UnityEnvironment.step": {
                                                    "total": 73.80166320000308,
                                                    "count": 16986,
                                                    "is_parallel": true,
                                                    "self": 1.3430561999940664,
                                                    "children": {
                                                        "UnityEnvironment._generate_step_input": {
                                                            "total": 1.1125419000056809,
                                                            "count": 16986,
                                                            "is_parallel": true,
                                                            "self": 1.1125419000056809
                                                        },